{
  "bias": -0.4166652508448507,
  "weights": [
    -1.5766241061566206,
    -0.9252243465688926,
    -0.2883150823792335,
    -0.04311739380279281,
    -0.3166891815128967,
    0.250720968600539,
    0.45382956924085155,
    -0.015467418382188599,
    -0.02261578748743568,
    0.15131771778903583,
    -0.05775713254357644,
    0.22917184700574006,
    -0.30454791256155417,
    -0.04803356638606862,
    0.1915096342875862,
    0.41367043388707114,
    -1.1312435956293214,
    -0.025485119261996446,
    0.6294945528237975,
    0.586150916341404,
    -0.14024519692764087,
    -0.1808901904342391,
    -0.03649970322599643,
    -0.018356757976495365,
    -0.08003588223182723,
    -0.5093486457595499,
    0.1936609011609869,
    -0.14065696284060106,
    -0.10560856296824835,
    -0.14945810102154214,
    -0.3253508797435789,
    0.06087187163744643,
    -0.13124461872425874
  ],
  "feature_spec": {
    "feature_names": [
      "donor_stock_for_size",
      "receiver_stock_for_size",
      "donor_total_stock",
      "receiver_total_stock",
      "donor_sales",
      "receiver_sales",
      "sales_difference",
      "donor_store_rank",
      "receiver_store_rank",
      "donor_size_count",
      "receiver_size_count",
      "donor_series_width_before",
      "donor_series_width_after",
      "receiver_series_width_before",
      "receiver_series_width_after",
      "receiver_missing_size_before",
      "donor_is_double_size",
      "donor_is_triple_plus_size",
      "donor_would_hit_zero",
      "donor_would_break_sequence",
      "donor_below_min_total_after",
      "donor_below_min_size_count_after",
      "receiver_reaches_min_total_after",
      "receiver_reaches_min_size_count_after",
      "size_position=edge",
      "size_position=middle",
      "size_position=unknown",
      "donor_store_size_class=groot",
      "donor_store_size_class=klein",
      "donor_store_size_class=middel",
      "receiver_store_size_class=groot",
      "receiver_store_size_class=klein",
      "receiver_store_size_class=middel"
    ],
    "numeric_features": [
      "donor_stock_for_size",
      "receiver_stock_for_size",
      "donor_total_stock",
      "receiver_total_stock",
      "donor_sales",
      "receiver_sales",
      "sales_difference",
      "donor_store_rank",
      "receiver_store_rank",
      "donor_size_count",
      "receiver_size_count",
      "donor_series_width_before",
      "donor_series_width_after",
      "receiver_series_width_before",
      "receiver_series_width_after"
    ],
    "boolean_features": [
      "receiver_missing_size_before",
      "donor_is_double_size",
      "donor_is_triple_plus_size",
      "donor_would_hit_zero",
      "donor_would_break_sequence",
      "donor_below_min_total_after",
      "donor_below_min_size_count_after",
      "receiver_reaches_min_total_after",
      "receiver_reaches_min_size_count_after"
    ],
    "categorical_vocab": {
      "size_position": [
        "edge",
        "middle",
        "unknown"
      ],
      "donor_store_size_class": [
        "groot",
        "klein",
        "middel"
      ],
      "receiver_store_size_class": [
        "groot",
        "klein",
        "middel"
      ]
    },
    "means": [
      1.7263643351268254,
      0.787086856264412,
      4.574942352036895,
      3.4750192159877016,
      1.649500384319754,
      2.590315142198309,
      0.940814757878555,
      4.677940046118371,
      4.369715603382014,
      3.3658724058416603,
      2.8316679477325133,
      3.020753266717909,
      2.9285165257494237,
      2.4896233666410454,
      2.794773251345119,
      0.0,
      0.0,
      0.0,
      0.0,
      0.0,
      0.0,
      0.0,
      0.0,
      0.0,
      0.0,
      0.0,
      0.0,
      0.0,
      0.0,
      0.0,
      0.0,
      0.0,
      0.0
    ],
    "stds": [
      0.681695282054275,
      0.7623051831794544,
      1.4643976604126303,
      1.8049462582079578,
      1.6171097511164434,
      2.07444795927383,
      2.274485478953711,
      2.2761094007300984,
      2.2766344475943634,
      1.1761937644687743,
      1.383479800023879,
      1.4056107132383218,
      1.3918484651009118,
      1.4896800814796798,
      1.424018320412691,
      1.0,
      1.0,
      1.0,
      1.0,
      1.0,
      1.0,
      1.0,
      1.0,
      1.0,
      1.0,
      1.0,
      1.0,
      1.0,
      1.0,
      1.0,
      1.0,
      1.0,
      1.0
    ]
  }
}