{
  "bias": -0.593771693805882,
  "weights": [
    -1.5067618596135026,
    -0.8918548371431583,
    -0.2782203922210228,
    -0.2864433067975084,
    -0.12371315279922424,
    -0.003690844319593334,
    0.1652895495475124,
    0.12704976745187546,
    -0.04765146066308317,
    -0.005403856387700189,
    -0.0940572630029255,
    0.06043430874827517,
    0.030990162976593492,
    -0.13013521606545753,
    0.09085052451631313,
    -0.23417120379910372,
    -0.1670067441210217,
    0.0511117725661569,
    0.38840276070614327,
    -1.1404623089594759,
    0.0,
    0.48937890000346945,
    0.43741726386219615,
    0.0005674346068248109,
    0.11850391658133186,
    -0.238763558451959,
    -0.22881962527590716,
    -0.7526084979138359,
    0.18725338587754414,
    -0.3269606274052351,
    -0.05594898618954738,
    -0.18244549844151015,
    -0.3400073157107078,
    -0.1178297845884296,
    -0.10751801173715547
  ],
  "feature_spec": {
    "feature_names": [
      "donor_stock_for_size",
      "receiver_stock_for_size",
      "donor_total_stock",
      "receiver_total_stock",
      "donor_sales",
      "receiver_sales",
      "sales_difference",
      "donor_store_rank",
      "receiver_store_rank",
      "donor_store_total_stock_week",
      "receiver_store_total_stock_week",
      "store_total_stock_tiebreak_advantage",
      "donor_size_count",
      "receiver_size_count",
      "donor_series_width_before",
      "donor_series_width_after",
      "receiver_series_width_before",
      "receiver_series_width_after",
      "receiver_missing_size_before",
      "donor_is_double_size",
      "donor_is_triple_plus_size",
      "donor_would_hit_zero",
      "donor_would_break_sequence",
      "donor_below_min_total_after",
      "donor_below_min_size_count_after",
      "receiver_reaches_min_total_after",
      "receiver_reaches_min_size_count_after",
      "size_position=middle",
      "size_position=unknown",
      "donor_store_size_class=groot",
      "donor_store_size_class=klein",
      "donor_store_size_class=middel",
      "receiver_store_size_class=groot",
      "receiver_store_size_class=klein",
      "receiver_store_size_class=middel"
    ],
    "numeric_features": [
      "donor_stock_for_size",
      "receiver_stock_for_size",
      "donor_total_stock",
      "receiver_total_stock",
      "donor_sales",
      "receiver_sales",
      "sales_difference",
      "donor_store_rank",
      "receiver_store_rank",
      "donor_store_total_stock_week",
      "receiver_store_total_stock_week",
      "store_total_stock_tiebreak_advantage",
      "donor_size_count",
      "receiver_size_count",
      "donor_series_width_before",
      "donor_series_width_after",
      "receiver_series_width_before",
      "receiver_series_width_after"
    ],
    "boolean_features": [
      "receiver_missing_size_before",
      "donor_is_double_size",
      "donor_is_triple_plus_size",
      "donor_would_hit_zero",
      "donor_would_break_sequence",
      "donor_below_min_total_after",
      "donor_below_min_size_count_after",
      "receiver_reaches_min_total_after",
      "receiver_reaches_min_size_count_after"
    ],
    "categorical_vocab": {
      "size_position": [
        "middle",
        "unknown"
      ],
      "donor_store_size_class": [
        "groot",
        "klein",
        "middel"
      ],
      "receiver_store_size_class": [
        "groot",
        "klein",
        "middel"
      ]
    },
    "means": [
      1.7729166666666667,
      0.9848958333333333,
      5.478645833333333,
      4.683333333333334,
      3.0171875,
      3.775520833333333,
      0.7583333333333333,
      4.770833333333333,
      4.3796875,
      3166.1619791666667,
      3170.7932291666666,
      -4.63125,
      4.032291666666667,
      3.736458333333333,
      3.683333333333333,
      3.6223958333333335,
      3.285416666666667,
      3.5338541666666665,
      0.0,
      0.0,
      0.0,
      0.0,
      0.0,
      0.0,
      0.0,
      0.0,
      0.0,
      0.0,
      0.0,
      0.0,
      0.0,
      0.0,
      0.0,
      0.0,
      0.0
    ],
    "stds": [
      0.5911639589732182,
      0.7612222830089156,
      1.8392599960036389,
      2.2378685295511787,
      5.174377620208098,
      5.122268046194573,
      3.758453434888109,
      2.283223081279814,
      2.3085222334523334,
      84.69646362304371,
      90.3231089846658,
      133.0015525539865,
      1.3137886365763796,
      1.5503104387822533,
      1.4813891753650994,
      1.5157569923911414,
      1.6872054784136072,
      1.5850538041549163,
      1.0,
      1.0,
      1.0,
      1.0,
      1.0,
      1.0,
      1.0,
      1.0,
      1.0,
      1.0,
      1.0,
      1.0,
      1.0,
      1.0,
      1.0,
      1.0,
      1.0
    ]
  }
}