{
  "bias": -0.4151978507335112,
  "weights": [
    -1.5029967215110556,
    -1.046513066753093,
    -0.1701793443268896,
    0.014623744083963722,
    -0.27693463942898466,
    0.3031368785225995,
    0.4807070110950216,
    -0.020819641098245936,
    -0.05362708712044609,
    -0.040025768310560844,
    0.003482614825749082,
    -0.029288937611491133,
    0.23124619988833378,
    -0.027988837997192765,
    0.19266032900168542,
    -0.32175053856003066,
    -0.2040700283647474,
    0.19865537095390326,
    0.4362875061276473,
    -0.9766223773907512,
    0.0,
    0.5985768856341792,
    0.3140344171471585,
    -0.13394594903810267,
    -0.0033701149066388716,
    0.024741830579558626,
    0.1011537199717816,
    -0.42278048026103465,
    0.0276803933948491,
    -0.23513666000004657,
    0.009838611877625972,
    -0.1698020387437647,
    -0.21889639435703187,
    -0.10753215207559806,
    -0.06867154043355438
  ],
  "feature_spec": {
    "feature_names": [
      "donor_stock_for_size",
      "receiver_stock_for_size",
      "donor_total_stock",
      "receiver_total_stock",
      "donor_sales",
      "receiver_sales",
      "sales_difference",
      "donor_store_rank",
      "receiver_store_rank",
      "donor_store_total_stock_week",
      "receiver_store_total_stock_week",
      "store_total_stock_tiebreak_advantage",
      "donor_size_count",
      "receiver_size_count",
      "donor_series_width_before",
      "donor_series_width_after",
      "receiver_series_width_before",
      "receiver_series_width_after",
      "receiver_missing_size_before",
      "donor_is_double_size",
      "donor_is_triple_plus_size",
      "donor_would_hit_zero",
      "donor_would_break_sequence",
      "donor_below_min_total_after",
      "donor_below_min_size_count_after",
      "receiver_reaches_min_total_after",
      "receiver_reaches_min_size_count_after",
      "size_position=middle",
      "size_position=unknown",
      "donor_store_size_class=groot",
      "donor_store_size_class=klein",
      "donor_store_size_class=middel",
      "receiver_store_size_class=groot",
      "receiver_store_size_class=klein",
      "receiver_store_size_class=middel"
    ],
    "numeric_features": [
      "donor_stock_for_size",
      "receiver_stock_for_size",
      "donor_total_stock",
      "receiver_total_stock",
      "donor_sales",
      "receiver_sales",
      "sales_difference",
      "donor_store_rank",
      "receiver_store_rank",
      "donor_store_total_stock_week",
      "receiver_store_total_stock_week",
      "store_total_stock_tiebreak_advantage",
      "donor_size_count",
      "receiver_size_count",
      "donor_series_width_before",
      "donor_series_width_after",
      "receiver_series_width_before",
      "receiver_series_width_after"
    ],
    "boolean_features": [
      "receiver_missing_size_before",
      "donor_is_double_size",
      "donor_is_triple_plus_size",
      "donor_would_hit_zero",
      "donor_would_break_sequence",
      "donor_below_min_total_after",
      "donor_below_min_size_count_after",
      "receiver_reaches_min_total_after",
      "receiver_reaches_min_size_count_after"
    ],
    "categorical_vocab": {
      "size_position": [
        "middle",
        "unknown"
      ],
      "donor_store_size_class": [
        "groot",
        "klein",
        "middel"
      ],
      "receiver_store_size_class": [
        "groot",
        "klein",
        "middel"
      ]
    },
    "means": [
      1.795331161780673,
      0.6650380021715526,
      4.250271444082519,
      3.007600434310532,
      2.242671009771987,
      3.045059717698154,
      0.8023887079261672,
      4.670466883821932,
      4.3365906623235615,
      3650.0407166123778,
      3657.6905537459284,
      -7.649837133550489,
      3.1308360477741584,
      2.5,
      2.780673181324647,
      2.6226927252985885,
      2.1476655808903367,
      2.6074918566775245,
      0.0,
      0.0,
      0.0,
      0.0,
      0.0,
      0.0,
      0.0,
      0.0,
      0.0,
      0.0,
      0.0,
      0.0,
      0.0,
      0.0,
      0.0,
      0.0,
      0.0
    ],
    "stds": [
      0.46004286727945043,
      0.7182771519126468,
      1.2115139047980337,
      1.6524738132688948,
      2.1875332860668286,
      2.3774250483899078,
      2.7594541358664877,
      2.3055159037049933,
      2.304142729614672,
      113.10605831186953,
      109.15770603078835,
      167.5482803430158,
      0.9987691970915323,
      1.3061493247833196,
      1.1643902015209604,
      1.1661092457902669,
      1.3274507096443147,
      1.227449491537958,
      1.0,
      1.0,
      1.0,
      1.0,
      1.0,
      1.0,
      1.0,
      1.0,
      1.0,
      1.0,
      1.0,
      1.0,
      1.0,
      1.0,
      1.0,
      1.0,
      1.0
    ]
  }
}