{
  "bias": -0.6042138039480628,
  "weights": [
    -1.3775085278748,
    -1.0067312009093061,
    -0.29916169712921736,
    -0.20501477982305605,
    -0.08824145071970468,
    0.09876187345496204,
    0.20526163387187474,
    0.0810483458164467,
    -0.10779798111064347,
    0.13335471715994693,
    0.11178555988251333,
    0.016203926556718658,
    0.10267518532258287,
    -0.08587504769434069,
    0.10567087305050135,
    -0.24760418702793405,
    -0.10668344336050391,
    0.22354657006323117,
    0.45073342978821784,
    -1.072163592775885,
    -0.0025075688735989895,
    0.42173125900092057,
    0.324995019890454,
    -0.030465485199061466,
    -0.04466610726191071,
    -0.28704100159528684,
    -0.15491672307306997,
    -0.6799046790026048,
    0.10505720465940281,
    -0.23812426683707774,
    -0.1077788847494966,
    -0.22894432275662585,
    -0.37788858751348275,
    -0.13522250572893488,
    -0.06173638110078394
  ],
  "feature_spec": {
    "feature_names": [
      "donor_stock_for_size",
      "receiver_stock_for_size",
      "donor_total_stock",
      "receiver_total_stock",
      "donor_sales",
      "receiver_sales",
      "sales_difference",
      "donor_store_rank",
      "receiver_store_rank",
      "donor_store_total_stock_week",
      "receiver_store_total_stock_week",
      "store_total_stock_tiebreak_advantage",
      "donor_size_count",
      "receiver_size_count",
      "donor_series_width_before",
      "donor_series_width_after",
      "receiver_series_width_before",
      "receiver_series_width_after",
      "receiver_missing_size_before",
      "donor_is_double_size",
      "donor_is_triple_plus_size",
      "donor_would_hit_zero",
      "donor_would_break_sequence",
      "donor_below_min_total_after",
      "donor_below_min_size_count_after",
      "receiver_reaches_min_total_after",
      "receiver_reaches_min_size_count_after",
      "size_position=middle",
      "size_position=unknown",
      "donor_store_size_class=groot",
      "donor_store_size_class=klein",
      "donor_store_size_class=middel",
      "receiver_store_size_class=groot",
      "receiver_store_size_class=klein",
      "receiver_store_size_class=middel"
    ],
    "numeric_features": [
      "donor_stock_for_size",
      "receiver_stock_for_size",
      "donor_total_stock",
      "receiver_total_stock",
      "donor_sales",
      "receiver_sales",
      "sales_difference",
      "donor_store_rank",
      "receiver_store_rank",
      "donor_store_total_stock_week",
      "receiver_store_total_stock_week",
      "store_total_stock_tiebreak_advantage",
      "donor_size_count",
      "receiver_size_count",
      "donor_series_width_before",
      "donor_series_width_after",
      "receiver_series_width_before",
      "receiver_series_width_after"
    ],
    "boolean_features": [
      "receiver_missing_size_before",
      "donor_is_double_size",
      "donor_is_triple_plus_size",
      "donor_would_hit_zero",
      "donor_would_break_sequence",
      "donor_below_min_total_after",
      "donor_below_min_size_count_after",
      "receiver_reaches_min_total_after",
      "receiver_reaches_min_size_count_after"
    ],
    "categorical_vocab": {
      "size_position": [
        "middle",
        "unknown"
      ],
      "donor_store_size_class": [
        "groot",
        "klein",
        "middel"
      ],
      "receiver_store_size_class": [
        "groot",
        "klein",
        "middel"
      ]
    },
    "means": [
      1.8295154185022027,
      0.9806167400881057,
      5.226872246696035,
      4.405726872246696,
      1.4277533039647576,
      1.8991189427312776,
      0.4713656387665198,
      4.340088105726872,
      4.4801762114537445,
      3428.13127753304,
      3425.721585903084,
      2.409691629955947,
      3.8475770925110133,
      3.49647577092511,
      3.655066079295154,
      3.5881057268722465,
      3.26079295154185,
      3.4969162995594716,
      0.0,
      0.0,
      0.0,
      0.0,
      0.0,
      0.0,
      0.0,
      0.0,
      0.0,
      0.0,
      0.0,
      0.0,
      0.0,
      0.0,
      0.0,
      0.0,
      0.0
    ],
    "stds": [
      0.5102571119022755,
      0.7298382949751817,
      1.3916302348509608,
      1.8497916956975764,
      2.8391265286614114,
      2.9827623892013464,
      2.655692810253407,
      2.343747139311392,
      2.280989035959047,
      119.43684833324095,
      116.61192472381751,
      178.47142318269456,
      1.007299716979842,
      1.2974851660118822,
      1.2120752110407298,
      1.258605419167036,
      1.4461875404195879,
      1.2991828021285763,
      1.0,
      1.0,
      1.0,
      1.0,
      1.0,
      1.0,
      1.0,
      1.0,
      1.0,
      1.0,
      1.0,
      1.0,
      1.0,
      1.0,
      1.0,
      1.0,
      1.0
    ]
  }
}