{
  "bias": -0.5200524779936184,
  "weights": [
    -1.5054621298013522,
    -1.0069695823254898,
    -0.2885267652819259,
    -0.16962075805980473,
    -0.2602324553145269,
    0.09136999273051165,
    0.4061813245029355,
    0.06744590799068245,
    -0.052604712255749676,
    0.08832672241543263,
    0.08518430132810534,
    0.0042974109480774115,
    0.11594566364514927,
    -0.07182467880675648,
    0.15685171291604671,
    -0.27604749733053047,
    -0.13271834764092255,
    0.1690283706458172,
    0.43438829614687113,
    -1.110242289569745,
    -0.005689711513190685,
    0.5735477231468219,
    0.4135869253833776,
    -0.10213854905159031,
    -0.05751319071555672,
    -0.09368657531648385,
    -0.036608106879939546,
    -0.021459844718707287,
    -0.5866038293663614,
    0.11307839903767193,
    -0.2287382039232376,
    -0.08628597637253532,
    -0.17996109475162456,
    -0.3212774455005414,
    -0.10291088260819928,
    -0.07079694693865733
  ],
  "feature_spec": {
    "feature_names": [
      "donor_stock_for_size",
      "receiver_stock_for_size",
      "donor_total_stock",
      "receiver_total_stock",
      "donor_sales",
      "receiver_sales",
      "sales_difference",
      "donor_store_rank",
      "receiver_store_rank",
      "donor_store_total_stock_week",
      "receiver_store_total_stock_week",
      "store_total_stock_tiebreak_advantage",
      "donor_size_count",
      "receiver_size_count",
      "donor_series_width_before",
      "donor_series_width_after",
      "receiver_series_width_before",
      "receiver_series_width_after",
      "receiver_missing_size_before",
      "donor_is_double_size",
      "donor_is_triple_plus_size",
      "donor_would_hit_zero",
      "donor_would_break_sequence",
      "donor_below_min_total_after",
      "donor_below_min_size_count_after",
      "receiver_reaches_min_total_after",
      "receiver_reaches_min_size_count_after",
      "size_position=edge",
      "size_position=middle",
      "size_position=unknown",
      "donor_store_size_class=groot",
      "donor_store_size_class=klein",
      "donor_store_size_class=middel",
      "receiver_store_size_class=groot",
      "receiver_store_size_class=klein",
      "receiver_store_size_class=middel"
    ],
    "numeric_features": [
      "donor_stock_for_size",
      "receiver_stock_for_size",
      "donor_total_stock",
      "receiver_total_stock",
      "donor_sales",
      "receiver_sales",
      "sales_difference",
      "donor_store_rank",
      "receiver_store_rank",
      "donor_store_total_stock_week",
      "receiver_store_total_stock_week",
      "store_total_stock_tiebreak_advantage",
      "donor_size_count",
      "receiver_size_count",
      "donor_series_width_before",
      "donor_series_width_after",
      "receiver_series_width_before",
      "receiver_series_width_after"
    ],
    "boolean_features": [
      "receiver_missing_size_before",
      "donor_is_double_size",
      "donor_is_triple_plus_size",
      "donor_would_hit_zero",
      "donor_would_break_sequence",
      "donor_below_min_total_after",
      "donor_below_min_size_count_after",
      "receiver_reaches_min_total_after",
      "receiver_reaches_min_size_count_after"
    ],
    "categorical_vocab": {
      "size_position": [
        "edge",
        "middle",
        "unknown"
      ],
      "donor_store_size_class": [
        "groot",
        "klein",
        "middel"
      ],
      "receiver_store_size_class": [
        "groot",
        "klein",
        "middel"
      ]
    },
    "means": [
      1.7852181161433731,
      0.8520422339538761,
      4.891080855793276,
      3.905946096137816,
      2.1424006668519033,
      2.8613503751041955,
      0.7189497082522923,
      4.594609613781606,
      4.395248680188941,
      3331.878021672687,
      3334.771186440678,
      -2.8931647679911086,
      3.6066963045290357,
      3.1599055293136984,
      3.3025840511253124,
      3.209502639622117,
      2.814253959433176,
      3.128368991386496,
      0.0,
      0.0,
      0.0,
      0.0,
      0.0,
      0.0,
      0.0,
      0.0,
      0.0,
      0.0,
      0.0,
      0.0,
      0.0,
      0.0,
      0.0,
      0.0,
      0.0,
      0.0
    ],
    "stds": [
      0.5593365268902526,
      0.7498656894798447,
      1.5640714333395278,
      2.009401544968024,
      3.4390868853052594,
      3.5377853148431293,
      2.9991764003258488,
      2.3119184189568673,
      2.293682127674847,
      267.9686075240348,
      269.4215449815762,
      167.1477895667736,
      1.1848795717826814,
      1.4772023571870245,
      1.371573222964386,
      1.4015863486716387,
      1.5726659999140493,
      1.447007194541787,
      1.0,
      1.0,
      1.0,
      1.0,
      1.0,
      1.0,
      1.0,
      1.0,
      1.0,
      1.0,
      1.0,
      1.0,
      1.0,
      1.0,
      1.0,
      1.0,
      1.0,
      1.0
    ]
  }
}